CNNIndonesia.csv,detikcom.csv,tvOneNews.csv,VIVAcoid.csv
1609127556967727105,1609315299597160450,1609324533416361984,1609080450894692353
1609108662219603969,1609230921370042368,1608990708068929537,1608736288487903236
1609103621928652800,1609178919583850498,1608746980502831104,1608421375739580416
1609058774702239744,1609175197801758720,1607890097869066241,1607959789283454979
1609035594700840960,1609163573581778944,1607890083407097857,1607886187766910977
1609023752691658754,1609039208877887490,1607678454765588481,1607875860484456448
1608921213463859202,1608821260271714305,1606380411755855872,1607535117232410624
1608728254294417408,1608808292381237248,1606140190984409088,1607226337210826755
1608717912864591880,1608754923444883459,1606063426002092032,1606968768386990080
1608685661699338241,1608713387290103808,1605849008848908288,1606287522459717638
1608684907118854144,1608703586296291328,1605444029705261056,1605789114913394688
1608628937319497728,1608701367736012800,1605004978611159041,1605138835712921601
1608625203420233728,1608695270019039232,1604675779010646016,1604700942393561089
1608402510448054272,1608671565931053062,1604432301001412608,1604678683813634049
1608259181957742592,1608667523108556801,1604353403307843590,1604247451455852544
1608257671534374912,1608446829925990401,1603512128996249600,1604228592925564928
1608253895633145863,1608441391796965378,1603421016189173760,1604146938051727361
1608114100718161920,1608426761645080577,1603359538174132224,1603844685042454528
1608093885234049026,1608377052129787913,1603012722198970369,1603763766243758080
1608066493119627270,1608318491349897216,1602922101228589057,1603760496154652673
1608013345080381441,1608086135426752512,1602892904057700352,1603720868286574593
1607993448791175168,1608070751776555010,1602682284658024448,1603705388503040005
1607887918328344576,1608070363082006531,1602671192762388480,1603671320918884352
1607875075562442753,1608054972700151809,1602565621245710338,1603377624902152192
1607702331302514688,1608050506642952193,1602289932374245376,1603363279740751872
1607656243493212160,1608039115513073664,1602176059319123969,1603331812100829184
1607601354746531842,1608012321435131907,1602121057833349120,1603328770345426944
1607568869107044352,1607965144155389954,1602102952264892416,1603313933003390976
1607516997612625920,1607947315888721920,1601857588987326465,1603298075702808576
1607384291310473217,1607930435492876290,1601810653752459266,1603285764087119872
1606899809054752774,1607902978987401217,1601508293234798592,1603209875177496576
1606840885672841216,1607819087605891072,1601425105091010563,1603208328540192769
1606840047231471616,1607768566182383618,1601409375125803008,1602978347004592128
1606589079537479681,1607751343309000725,1601080336292929536,1602970188236095489
1606575733425393664,1607691268280274950,1600873232391090176,1602857419646062597
1606568180289527808,1607682411101405184,1600698075408117760,1602695899800797187
1606522097219821570,1607654220529909760,1600516758976487429,1602635838776840193
1606485080427626496,1607652916805894144,1600504541480648705,1602634452244602880
1606452346116263937,1607628299856912384,1600306866479067138,1602616852387336194
1606443531261734913,1607514848853630976,1600190219617472512,1602596854205935617
1606266759736328192,1607344638809063425,1600128960138207233,1602543849527775234
1606255427980644353,1607303142160343042,1600101156126347264,1602468347748171777
1606153951916593153,1607267543428759553,1600099324159197184,1602262752504221697
1606084954365890560,1607264884328202240,1600092690116247552,1602211665709260803
1606077651566747648,1607254750168338434,1600059737340407808,1602182724210806785
1605837183671492608,1607209404083863553,1599727174084628483,1602160209400852480
1605723860921225216,1607101299765514240,1599713224425107456,1602146610729095168
1605716307747692545,1606843643561648135,1599696968208764929,1602142205824860161
1605508059115114496,1606675399269916674,1599640730187726848,1602071261282455552
1605452413577867264,1606604599758028800,1599631791643840512,1601817190042595329
1605411014803329024,1606516339807502336,1599416385121439746,1601735150836273152
1605410283664527360,1606502875873656838,1599377620281749505,1601728472581394432
1605401917886066688,1606489007721938946,1599292826571124738,1601590818519011328
1605295619874369537,1606488065370906624,1599268518767517698,1601546795825659904
1605225314862641152,1606214161402314753,1599242866559455233,1601533319979507712
1605145966155157504,1606191873835638785,1599037258782605313,1601147161176989697
1605118711169712134,1606188616191037440,1599005786373763072,1601143884448686081
1605013729342820353,1605967539799998465,1598981399448784902,1601094807589654529
1604982693967515648,1605959965184851969,1598859569773436934,1601088015472144385
1604769425663500288,1605892198070984704,1598844750731579393,1601043246364626944
1604660180838273024,1605878809223389187,1598641142051966977,1601039693835272193
1604288764611682304,1605839482737115142,1598619746865655808,1600839898923425792
1604252928310513664,1605810707446091782,1598372874376871936,1600708785299165185
1604086628578127872,1605721752486776833,1598261449133989888,1600686656507592707
1603893365266821120,1605683626133393408,1598260636953505793,1600649268330901504
1603693286367301638,1605578669686153217,1598233971447721984,1600551481132089344
1603555791029829632,1605570550398652418,1597942059352346625,1600498145678733312
1603544692586852352,1605533402278543360,1597898272374689792,1600422878809579520
1603382225189208064,1605486982196518912,1597805790269620226,1600340965851820032
1603369610094387201,1605450381324173313,1597774194624073728,1600283208545107968
1603354725952344064,1605428316978257920,1597525063116652545,1600254013987254272
1603309316290711552,1605411336619524098,1597483595416760325,1600119378582077442
1603248021005041664,1605396052059750400,1597473192624652289,1600114359795343360
1603238936155156480,1605219000182603777,1597230494831489024,1600037360527642625
1603219760321531904,1605117698140262400,1597184544721240064,1599993676209717248
1603217486383484928,1605094540762816513,1597130055083520002,1599898679431016448
1603216729433575425,1605087959786586115,1597096457802493953,1599812379684274177
1603190496406315008,1605076768989351937,1597057941353672705,1599811609014460416
1603043666964414467,1605072790981427202,1596866331949027330,1599719520662589440
1602994728554835971,1605049101569204224,1596803912149143552,1599700747373121537
1602969751369953280,1604926737003036673,1596781651618828288,1599668529846181889
1602940994475134981,1604823729380495362,1596778124121112578,1599661866359615489
1602917286100480001,1604791291807670277,1596330662788988931,1599597081530109952
1602911230758244352,1604778816404070400,1596079031858139137,1599532509905457154
1602907951874072578,1604768549750423552,1596048542153334786,1599509115386368000
1602899882246688769,1604751326981853185,1595812608296091649,1599441039580090368
1602884995105685504,1604740305110142977,1595569428636536832,1599249148909617153
1602865317793136640,1604669217349009408,1595372629216882688,1599239082559016961
1602850182928142336,1604414555551141888,1595357682684530690,1599163084127760385
1602845140259045376,1604410656635162624,1594995278847041538,1599091890171039744
1602796955477848065,1604342473979039744,1594946812632535040,1599005054316740610
1602598184852652032,1604290365384785925,1594633535767580674,1598988175330115585
1602595578382204929,1604208140408561664,1594590511917977602,1598964650024251393
1602509408042303488,1604098972678864898,1594317303843266562,1598922003389767681
1602472585970692096,1604092122227003392,1594292616686104576,1598728467864252416
1602418108819329024,1604079778235138050,1594214975132041221,1598659508271992832
1602288456029569026,1604074813928218624,1594116083174477824,1598659005676924928
1602285685993398272,1604020819847528449,1593827923202830336,1598373370579816448
1602268029135376384,1604004294109315072,1593723485855318016,1598272980047781889
1602245326210928640,1604001695440048129,1593566978832494593,1598255710927831040
1602223376189509632,1603977793355845640,1593273648177348609,1598210355355852803
1602167136100941824,1603947371037179904,1592807448062361602,1598204529828597763
1602158815012524032,1603933127650541569,1592356858509295617,1598193941463322624
1602131834347094017,1603903074531254275,1592062597724897280,1598187148989325318
1601900058676703232,1603720985085190144,1591921900594561026,1598150536536391680
1601849265084542978,1603695213536579587,1591775026822672385,1598148642543915008
1601837510333956097,1603685157118136321,1591669885796462592,1598082335777648642
1601818847455371264,1603679363211427840,1591552307090821121,1598077048853270528
1601783790740811776,1603667516232028160,1591319908255924224,1597948353899532288
1601754286743961600,1603659514737197056,1591027970692775937,1597938683604262912
1601738653578846209,1603641033820176385,1590616287302287360,1597870062362206208
1601523780005744640,1603640681804828672,1590449921278488576,1597803114987663366
1601505368047116289,1603634627276689413,1590299962331758594,1597780843103424512
1601490240245374976,1603622155643748353,1590132875512680449,1597745863652438016
1601489483643310080,1603589862032023557,1589771450688638977,1597567832325525504
1601413573045284869,1603561002225881090,1589560310457069569,1597535988053872641
1601398691398447105,1603514327432044546,1589193416134787072,1597530447537668098
1601279423050752000,1603482164540178436,1589157025287925762,1597515773811064832
1601101633420922887,1603376290219835394,1589116005791694848,1597511580887179265
1601088017347014657,1603360175255175168,1588832261767852034,1597462869137936384
1601081965590900736,1603347108844666882,1588735355519258629,1597428645613953025
1601068347096936448,1603339973473730562,1588638621632188416,1597419091186569216
1601028763520622592,1603339152216530946,1588533788162031616,1597416091353231361
1601013880443936768,1603328523137155073,1588515427239759876,1597275518080278528
1600833077088952320,1603323352592142336,1588481692511383553,1597168546290798593
1600817950050566144,1603300346071289857,1587974126723272704,1597155355615985664
1600797523488436225,1603285120571641857,1587852554515673089,1597126281476603904
1600758184829779968,1603267544802115584,1587718869409357824,1597115083653775361
1600740784428367873,1603261389904220161,1587430540793503744,1597091297202167808
1600734729770536961,1603206386149646336,1587039213899640833,1597077843426656256
1600564783379468288,1603192960727875586,1586918381214699521,1597055699074195456
1600474509017948160,1603182489324986370,1586870572784537601,1597040979537977344
1600464675476381697,1603161352650035200,1586851705404411904,1596872106046001214
1600462405581950976,1603152647472701441,1586676053770383360,1596838134003945473
1600460137738575872,1603105820174319617,1586657547402240000,1596760763598766080
1600457113196974081,1603016227038822406,1586636292275990528,1596738348986818561
1600448034219130880,1602996472596889607,1586623453444341760,1596735077513592838
1600426103197220864,1602954497810112513,1586462636291821568,1596566096186048513
1600420804348366848,1602938234916446209,1586245499971338240,1596488947873746945
1600417777939906560,1602928506312220673,1586048549451878400,1596398502288187392
1600413241972183040,1602923128744722434,1585982503927828481,1596277703908683777
1600380715106897920,1602919642741329921,1585920853166149632,1596045301215023104
1600354996561670145,1602897855538237440,1585905262845915136,1595930275619360768
1600347434399375360,1602875085743951874,1585826986089336832,1595751598487408646
1600315993150001152,1602871017914916865,1585814016597057537,1595709194321432576
1600302312236281859,1602858032777633798,1585621356800266241,1595633825555832832
1600280377410867203,1602851674061770753,1585588638364336129,1595630298766925825
1600122788962238465,1602829672370290688,1585484451488092160,1595484604341051392
1600040355029655552,1602822341704261632,1585482963361607680,1595448727854264321
1600038841510899713,1602816972005298179,1585455256192028673,1595294866166394880
1600002541882085376,1602790744179326980,1585155905334947840,1595271198946242560
1599946729285193729,1602725659759071233,1585089389063213056,1594948881762381825
1599935475124297728,1602709290955018242,1584901978513375239,1594932588522934272
1599891615589376001,1602640713321250818,1584756947156602881,1594608197675159552
1599706575211761664,1602630156341985281,1584750359175925760,1594571949535277056
1599681614648266753,1602619345649254401,1584697760473026560,1594356285595877378
1599677074553196544,1602617703419846656,1584379670803648513,1594301045077049345
1599668754505691136,1602578576070643712,1584215455790923777,1593572363689693185
1599658164915347456,1602574668518592514,1584143739823722496,1593421873274318848
1599623887024979968,1602566577722900481,1583801886242529280,1593189841558474752
1599611784830529537,1602535402560176129,1583739727819468802,1593109183444180992
1599600945092243456,1602535147550740480,1583712268667473921,1592775617581551616
1599581280168947715,1602523697058877441,1583698426449260544,1592765922846330880
1599579010614587394,1602512752148357120,1583690877939388418,1592722261379002368
1599381877797711872,1602507370134913024,1583689117116039168,1592410714165346304
1599356669938479105,1602498702622482435,1583684839009816576,1592365799192555521
1599234157619474432,1602469103666663426,1583671008065880064,1592343891453571072
1599218025840119808,1602410066426138624,1583504436047286272,1592198559633670145
1599003256255959041,1602345190093619203,1583382893707276288,1592084559944122368
1598995465659449344,1602271536152559616,1583310885342556161,1591855441797320705
1598981285003022338,1602237759619534848,1582964099956494342,1591439057573511168
1598949314490863616,1602237479930716160,1582885484803788801,1590920029163622403
1598813196013346816,1602235599301263363,1582567791076335617,1590907804633944065
1598667046165909505,1602232999814340613,1582222968650104832,1590887931551838208
1598650360809553920,1602218956344987648,1582023917447053313,1590844530659819525
1598623141672415233,1602215618970804224,1581669811167580161,1590736059813761024
1598597433189011456,1602194496485195777,1581481692531130368,1590501266450702336
1598568215843463168,1602160560329596928,1581273826268418050,1590349503860600832
1598556602587828224,1602117657783947265,1581270313228115968,1590186178904719360
1598485782926307333,1602106171644583938,1581245767435816961,1590117478667288576
1598478224274563072,1602087395620519938,1581208822185877505,1590024989826502656
1598411183878377480,1602084025207775232,1581183420285140994,1589974285837537280
1598315910242398210,1601999372367155212,1581155434823839746,1589919803158179842
1598294743389069312,1601922279272767488,1581124338199457792,1589847851211055104
1598198469662949376,1601920606680846337,1581122204053667840,1589836888957149184
1598193180016783360,1601903184825487361,1581088868753117185,1589752944018493441
1598187885735600129,1601882049308139520,1581013369565630464,1589664751931772928
1598166213661974529,1601866104653201408,1581013362775060480,1589550371042885633
1598147061257764864,1601865810196168704,1580831208078204928,1589549983216570368
1598120599821643777,1601859712550686720,1580786236331282432,1589491976571072512
1598118333156847616,1601839932254855168,1580725075451400192,1589461159593508866
1597949234044899328,1601778724814442496,1580570758362693633,1589407685996576768
1597911939212271616,1601769656888528898,1580514838606143489,1589219053876686849
1597905132536344576,1601765276621672451,1580394534621839361,1589213522474725376
1597904378719277056,1601763907365896194,1579465537666822145,1589024397893206017
1597896820356943872,1601544615735296002,1579457057064820738,1588954815274840067
1597896064878931969,1601527567214956547,1579442022947393549,1588943237360017408
1597893798217908225,1601456202365411329,1579158398662500353,1588910794313699332
1597847438907564034,1601455444689653760,1579017858423881729,1588761848949653504
1597833567736057856,1601423967948005376,1578910658099564544,1588759799034150915
1597828277712097287,1601327092121174018,1578446392317865985,1588720396777689088
1597805598451863552,1601204784962355203,1578370617736585217,1588539700280975361
1597764019397357568,1601169824280969216,1577962931366817792,1588453520134787079
1597713629381812226,1601161246358863877,1577938494990811137,1588450116943646720
1597592165227675649,1601131163078348801,1577614861236047873,1588383673094930432
1597572515014270979,1601100776574697473,1577596436841398272,1588302642878746625
1597555125996122115,1601097261114695680,1577314136308187137,1587974870109151232
1597546806891536385,1601084733664145409,1577233458405199873,1587949441650417664
1597544538398420992,1601075933083238400,1577226171951239169,1587822229446078470
1597515562791292928,1601064474101833729,1577205419097067521,1587786489915899907
1597509013079347200,1601020390515638273,1577103363237638144,1587613099347300353
1597490364218486784,1600965728517214219,1577103349992034304,1587507533706821632
1597456844834115584,1600929585574645777,1576966453034913792,1587413401911070720
1597440216486539265,1600915714352844808,1576945396076908544,1587402609161572353
1597418290174754816,1600891720547418115,1576791677272195073,1587373281086418951
1597410731044937728,1600883006725570563,1576781882829967362,1587046996472627203
1597183955605651460,1600832057936150528,1576683959794425856,1586961210704072704
1597171861175304192,1600829856996098049,1576577758788222976,1586934629944422401
1597161276173537280,1600829571368116224,1576549339929145345,1586932860585664512
1597149182388629504,1600808051640090625,1576506543356653569,1586731290199744512
1597136332068773888,1600805965951127554,1576378195989131266,1586678822048763905
1597109874722492416,1600803463444717573,1576294516520554496,1586565943748366336
1597099296452939777,1600781145339224066,1576055568128962560,1586227598744784896
1597024971573710848,1600779243406987265,1575822242998808576,1585885116811079682
1596811326189236224,1600773964074258433,1575692304652079107,1585829228872073217
1596790919122292740,1600709606023610369,1575562606274052096,1585623113517387778
1596786131751690242,1600706633230913536,1575457557766086656,1585514148691345408
1596749597044789250,1600702453405700096,1575275085619138560,1585402282170286082
1596699210740830209,1600646309823791105,1575199200417304576,1585321494498148352
1596696440088461312,1600593213244510215,1575140280827015168,1585268550775713794
1596635221385834496,1600468176671842304,1574974238297300992,1585248907747262467
1596505040297938945,1600454004386971648,1574776427891007489,1585238957235011586
1596486831226642432,1600428205655064577,1574701925303734272,1585182210092863488
1596380520534851585,1600423151741112320,1574566766558466048,1585149761484894211
1596356336769376256,1600419149557161985,1574558582817050625,1585127595225788416
1596096371370622980,1600417161180225538,1574549379473514496,1585110259148152834
1596077974851563521,1600412972597272576,1574311589683294213,1584922256161255424
1596065881515520001,1600408608985997314,1574046670739804161,1584908158207942658
1596032630855995392,1600391010613444609,1573993786371637248,1584786994517114880
1596011223148961792,1600384281813057536,1573976525070041088,1584779045677694976
1595989311018573824,1600371502200885248,1573961286865788929,1584750862471417857
1595926343585497088,1600316985048539136,1573895132184649728,1584521350181707777
1595796626789978113,1600295403013947392,1573680949346566151,1583848547082194945
1595563397554540545,1600272605935816704,1573534628647907328,1583594132269768705
1595433438252658688,1600216163115491328,1573226932397019136,1583404535548370944
1595394898488102912,1600170132638162944,1572995923135049729,1583384384891392000
1595368460825292800,1600110884323475457,1572919818650800130,1582597421108178944
1595289897060880384,1600108245498077184,1572474569776320512,1582514895962054656
1595284759264997377,1600104257830752256,1572182561060966400,1582405665280389121
1595148383232008193,1600090536370733057,1572153103872569344,1581975994046754817
1595051928698130433,1600067790488076289,1572104544565481473,1581965518839611395
1595024736244727809,1600062148587167746,1572014444552814592,1581948198540562433
1594998205552660484,1600049471450218497,1571776754225926146,1581902849910640640
1594959765880573952,1600032094687830016,1571754264867008516,1581826360917786624
1594897827477745664,1600029643133927425,1571672924792053761,1581743929053294592
1594895565086543872,1599988007507210240,1571274331686338560,1581631826715893762
1594688066643378177,1599978791908130819,1571024691682512898,1581521961645412352
1594646518526447616,1599971359299612674,1570850267557658625,1581489002796175361
1594640474152701952,1599966087310938113,1570747903181983744,1581124993643315200
1594623854130868227,1599964296934465539,1570674403331178497,1581123462307151872
1594475796390764544,1599963748197867520,1570674396662210563,1581063448624271361
1593861873824563200,1599932014769192960,1570654630706810881,1581050865242501120
1593506977988038656,1599856489853816836,1570459482253295619,1580958507490480128
1593399715474776064,1599752722135355392,1570267686269251584,1580898099798880257
1593395962440912896,1599742832058703873,1569974762537123841,1580858218540326914
1593392105480605696,1599732026810195968,1569945199752921088,1580822119310839808
1593176830420217857,1599727438770176000,1569853439269642240,1580818518119190528
1593157901123977217,1599718508702711809,1569656409247350784,1580799830955536384
1593146544542617601,1599699509126242307,1569654911683694592,1580793155460698113
1593119292979294211,1599695944416727040,1569342846578348035,1580341809913671680
1593073875008380928,1599688208769499136,1569321954208792583,1580059699025956865
1593013311909396480,1599635496560377857,1569188709186293760,1579999431369555970
1592995147088035842,1599633884404228097,1569113563620417538,1579797101332291584
1592987326891757568,1599612351908651008,1568970631265529857,1579795234166538240
1592861400350982147,1599570344351760389,1568915040937611266,1579733341271887872
1592690085996396544,1599564989471367170,1568163615357939714,1579624353486237697
1592661063920930817,1599409753809211395,1567861586181894154,1579443270299811841
1592476100684546050,1599407247553077248,1567667197136506880,1579440495566389249
1592421857747431424,1599382451951992834,1567516084600971266,1579418871001665536
1592392080612917249,1599372508607791104,1567425829008977921,1579415980379602946
1592313113390768128,1599366190396211201,1567407652006936578,1579369680292040704
1592132213855858688,1599352500687175680,1567106765640331265,1579366678139670528
1592116313555488768,1599346989644275715,1566730767715422213,1579305481537224706
1592104957544517632,1599330971748376577,1566631348793909248,1579066924629385216
1592021445487779840,1599314299582808064,1566584660507119621,1579058487354863617
1591956099938553856,1599306321249157123,1566447262846570496,1579047024041029632
1591952317573902337,1599298592811925510,1566374021876568064,1579026391664033792
1591876367557484544,1599290402749702144,1566285204767281152,1578703037308493825
1591391488067637249,1599289580049530885,1566273355267047424,1578623743521599488
1591298492705648640,1599277482347307011,1566066243400269824,1578540462256058369
1591210613069721600,1599272578622824449,1566040253311303681,1578515778013659136
1591027462057533441,1599254200231288842,1566018304174866432,1578494010104385536
1591022166023102464,1599222271306072064,1566004609705197568,1578434015472025601
1591013844553707520,1599053657454125058,1565991505197953024,1578385926559916038
1590957585146212352,1599050673638854656,1565982959106428928,1578312949198114816
1590876873831362562,1599044228671217664,1565959164048080897,1578223996503719936
1590870062491369474,1598982857887735808,1565159020377559041,1578218342376443905
1590849380550000641,1598940054830911491,1565133853823762432,1578218324479336448
1590545681353084929,1598884129411571713,1564992927814004736,1578197439982759936
1590540386178457603,1598841832242384898,1564962984027631617,1578036247268032513
1590353237533937665,1598832153109835776,1564893515595018240,1578015516173959170
1590262682728341506,1598800207902384133,1564796508335394816,1577985314580475904
1590254358871932929,1598681098074161153,1564751876083617792,1577873313690693633
1590189062073511936,1598633349425364992,1564555211230027777,1577834288565084161
1590139903135821824,1598625356453494786,1564539190007984128,1577806627293782017
1590026703853625344,1598602566010605568,1564533113547784194,1577802454837919744
1589912992048910336,1598587105940307969,1564180579415130113,1577606922681057280
1589912237551939584,1598585959561445377,1564111735317213185,1577569807461126144
1589865857949130757,1598569994530455555,1564041902693171201,1577511684960575488
1589818209254838272,1598553852227321857,1563439698554793984,1577501876505186304
1589814432699326464,1598529403012653058,1563346870302539776,1577492296312184839
1589805106698280962,1598507497240903680,1563332025901527041,1577317258632007684
1589777603334111232,1598496155226329090,1563140340802289666,1577237223904247813
1589764016217284609,1598473024071761920,1563026226125881345,1577225403789635584
1589615786359824385,1598451539294801957,1562939157185712128,1577217233524523008
1589604190225330176,1598446715480297482,1562245359438798848,1577145755416301568
1589602677624668160,1598359197929848834,1561980447248199680,1577140107483967489
1589522009083777026,1598306405466906625,1561935038102401024,1577000430512799749
1589477649646497792,1598252406596321281,1561645380759986177,1576988724256468992
1589474166834860034,1598234459018608641,1561635006606639105,1576950489044094977
1589450169388765185,1598227747087810560,1561336702676787200,1576822748835635200
1589179333192450049,1598224271087648768,1561290783780524032,1576746503229820928
1588819771994537984,1598223972956520449,1561173755996516352,1576713785041354754
1588685883758108672,1598183847677640706,1561164081687539718,1576618778225684480
1588624863102930944,1598179846206660608,1560912532138704897,1576506555050385408
1588505600010264576,1598174315043766274,1560795512609001472,1576486297132183552
1588487696800157696,1598161033213841408,1560780425298972674,1576465322139619330
1588483913093378048,1598141003046830083,1560531279837220864,1576460016911253504
1588468527400615937,1598115474390323201,1560511669280813056,1576433684466786304
1588458694810882048,1598090478909636608,1560162096481898496,1576203559372484608
1588440915844075520,1598046299282149403,1560148005256568833,1576190223989489664
1588356335619702785,1597962477576376320,1559863120440737792,1575809479505252353
1588325328098762752,1597936464876244992,1559802721292541952,1575784283465482240
1588156414093991936,1597923367121731586,1559453122249912320,1575674187213320192
1588088841490944001,1597921747776454656,1559423362148868096,1575534889688236032
1588046235344437248,1597912477647474690,1559053030149853184,1575534406198263808
1588018619015102464,1597900422991253504,1559045482793422848,1575441780665098246
1587983467182264321,1597879655763173376,1558794067836022784,1575400386927939584
1587977163499745280,1597868176372649984,1558747539184050176,1575312299237474304
1587947414861668352,1597855881034612737,1558630127935795201,1575311928700055553
1587786570936918028,1597850400127950848,1558601320491151360,1575255806395940864
1587752036203831296,1597846856859516928,1558565071357239298,1574772375857827841
1587740697113014274,1597830541541253120,1558424915354652672,1574759409766772737
1587691031818309632,1597827393837752320,1558321207136493568,1574732744663633920
1587632302816837633,1597821280849387520,1558318720967393280,1574664673894727681
1587611972711088128,1597818195531939840,1558273162604793856,1574607409628459008
1587579367508480000,1597816204189638656,1558047790143418369,1574447860053331969
1587441480141897728,1597812712049971200,1558032051692900352,1574325314444226561
1587430135656943616,1597801095367168001,1557986263277268992,1574052135456894976
1587329562072928257,1597788581359239168,1557942257260457987,1573968068921139202
1587313685977890816,1597596517036081154,1557898340485935104,1573935224773570560
1587263155457040384,1597595810421772288,1557881092723445760,1573881878666674177
1587237312509149184,1597566109732978689,1557715552034238464,1573864142188204032
1587234285546655744,1597559709539737600,1557630625578127361,1573680942262423553
1587052551223930881,1597555631325683713,1557629421967720448,1573632854294409218
1587049527701549056,1597544873015508993,1557367724929495041,1573590344855597057
1587006424701206529,1597542144893485057,1557155298766336000,1573508551414550529
1587001888272048129,1597511409553883136,1557025958472740864,1573454060241690625
1586942905263935488,1597507132622094336,1557021790324416517,1573283069691588610
1586920974175330305,1597482460257845248,1556990462325493760,1573252155922055172
1586878888705425408,1597475820725059584,1556322561390047234,1573149942335819776
1586838558173630464,1597447431179964417,1556303686665572353,1573147417721315334
1586631394729799681,1597446532852236288,1556179850079059968,1573133062313246720
1586629126454407168,1597429443185856513,1556074284128223232,1572860772145074178
1586589561622171648,1597420735420571648,1555766763484090369,1572617429788020739
1586218849007206400,1597382325461028865,1554981846391218176,1572589737608880128
1586157112698097664,1597372736770293762,1554438383778140161,1572524679528853505
1586105956580331520,1597290666681372673,1554090594384764929,1572502312136085510
1585961823219912705,1597215172837474304,1554036979473338368,1572208733945745409
1585914701363699712,1597179799964979201,1553321012862668800,1572015319111335936
1585874005088735232,1597139308011454465,1553238594583552000,1571870286592745473
1585828524731944960,1597124039872770048,1552443719558696960,1571787576322981890
1585821720937889793,1597123264450625536,1551505048324124673,1571630666437238785
1585817942197170179,1597122008151740416,1551178150796673024,1571556294569631744
1585806856819077120,1597117017663881222,1551091456655257600,1571342398646788099
1585668523774607361,1597114887423107072,1551030292839669760,1571131117515968514
1585632484544614400,1597071676097036288,1550969899052240896,1571061465716764675
1585574282033532929,1597061444813541376,1549981718131929088,1571016147591471105
1585535732059639808,1597014419749601280,1549955458756005889,1570950806341578757
1585488871550517248,1596860110835519495,1548629469656600576,1570745623435149313
1585474509427343360,1596827236438507526,1548617021989916672,1570604154049142787
1585454100506095617,1596780729773748226,1548564173503639552,1570553091489136640
1585433442745212928,1596769170808619009,1548491056538210307,1570456297207889920
1585427142942212097,1596684260005629953,1548279317884416001,1570292980933873667
1585269673918013440,1596529692059779074,1548198709459947528,1570270739802259456
1585244732115951621,1596510472106233857,1548184536357298177,1570250188228546560
1585231125630156800,1596487803638005760,1547856632180133888,1570171313381322754
1585203920221396992,1596476024166006787,1547416888761729025,1570023613377703936
1585097863893118976,1596410985912434690,1547401257895112705,1569929975863865354
1585088291292188673,1596394935951187968,1547192381585231872,1569687864853798919
1584913462446391305,1596326809938927621,1547039158127828992,1569591350127132675
1584887008186753024,1596304311289536512,1546902734179164160,1569554604790259712
1584869625539330048,1596285402834698240,1546055142419550209,1569533489841840130
1584843927542059008,1596215876633649161,1545848533940441088,1569447550599729153
1584833348903784449,1596079937345097728,1545603654035595264,1569277292677070848
1584812945095430144,1596075235157200898,1544944192614309889,1569253769350873088
1584786999558303744,1596056568340090880,1544245745112346624,1569183052664033282
1584740654332383232,1596037094824099840,1544035335658647553,1569139645698682880
1584712946005180417,1596011971631091714,1543798527565869057,1569122257724915713
1584690024196763648,1596005511773634560,1543376472961867782,1568994666540048386
1584452994061717505,1595930872934375424,1543241015150399489,1568929490415554560
1584389749841633280,1595715501333757952,1542743186530975744,1568792860228722688
1584347459006107648,1595712019814121475,1542599897915920384,1568481157809065985
1584345946988892160,1595617733558865921,1542223409463013376,1568425417853501443
1584093836799660034,1595591182733742083,1542056069207191552,1568203582817849345
1584079485564899329,1595415869856907266,1541983067413155841,1568193913772711941
1584033906612793344,1595378656947453958,1541748934095187969,1568155294626377729
1584018041909628928,1595367884502564866,1541713008757739520,1568146586123014145
1583980272785461248,1595358322617716738,1541385750632988673,1568063927132762112
1583930159224086528,1595346392574312449,1541383863015944192,1567812003783385090
1583809040823382018,1595346030757040128,1540909482540077057,1567684539648180224
1583734760395808768,1595339144951222274,1540697457297743872,1567514566564904960
1583728464032473088,1595286513096327168,1540486327350677504,1567386459417776129
1583654374680788992,1595274733775364096,1540364905542320129,1567160213152890880
1583433088428019713,1595263616076247041,1539987163273519104,1567159479069999105
1583407151963176960,1595243185688682496,1539812524308463616,1567127111613448192
1583397081301274629,1595078821375799297,1539522218622799872,1566803116313710592
1583283264747282432,1595027398717853703,1539443325085708288,1566790769842999297
1583276893444390913,1595023288740233216,1539337895688822784,1566556479024672768
1583270924933300224,1594937071201812481,1539216569804259328,1566474204656336899
1583229125015195648,1594858462701572101,1538915622859333633,1566448778579972097
1583214015928754181,1594706498558562312,1538844139210481664,1566228941240946688
1583126891585683457,1594686667931131908,1538748423750291456,1566032649915101184
1583096164064251905,1594681882456821761,1537572369971048449,1565985475516854272
1583070980955549697,1594661918354145281,1537389835547070466,1565983823493754880
1583041268438794240,1594647823529689088,1537284124351660033,1565731546589700097
1583009790082441217,1594580206911688705,1536665048420012033,1565495510655713280
1582961442994917378,1594553855571894272,1536620888002506752,1565484030468177920
1582938274846617601,1594513737209155584,1536539582401249281,1565385257096196096
1582932986940764162,1594507369488302081,1536410117830168577,1565362743934603264
1582921909083463680,1594328927811604483,1536327306465013761,1565226598475104256
1582914503708229634,1594178725645467651,1536230905982775296,1565151088831246337
1582874317972725760,1593954810214350848,1535233840238563328,1565027400056193024
1582721712537227265,1593936707166277632,1534490708513792000,1564805940108750849
1582715669023404036,1593927266056429568,1534475325551394816,1564645528704786432
1582711138210701312,1593920293986353157,1534467920260210694,1564629326402039815
1582677896346611712,1593799397212553217,1534054081001467904,1564432243405520897
1582660523618803716,1593795164073754624,1533624351466983424,1564271552673509376
1582641636613697537,1593794786217316353,1533384137863618560,1564227404343955456
1582617462398328839,1593788884076339200,1533376340308553728,1564188499464835072
1582613434138779649,1593729812816072704,1533004815168864256,1564013592059715585
1582565091119366144,1593618745057890304,1532890675296972800,1563932938588557312
1582533865922449408,1593618049424396288,1532667434770915329,1563851026062802945
1582524551879348224,1593543607046250497,1532630808942768129,1563724817702191104
1582519260575694849,1593532534494830592,1532215190065778688,1563380685309882368
1582359596575834114,1593527273654829058,1532000304949960704,1563226303050166278
1582342221235294208,1593493491858169856,1532000298004189194,1562995166574968833
1582335417835147264,1593485711092719617,1532000284246827014,1562939017901252618
1582330606658416640,1593463420967440385,1531955535288799233,1562722461304893440
1582324087866945536,1593454624987664384,1531879726804963329,1562693276414930945
1582289335831105536,1593444034642644993,1531591621841522688,1562687495573487616
1582271451230801920,1593343483976318976,1531563184959631360,1562678296407851009
1582259873517301760,1593205341214625793,1531537229629181953,1562673895588917248
1582241751049285632,1593196149808271360,1531504266203893761,1562645211347849216
1581991293190037505,1593186739325177858,1531167913138278401,1561329917882535938
1581977802860945408,1593147092524040193,1530900282409750528,1561246734134546438
1581953682194956288,1593132174324404224,1530896880757899264,1560995971416223744
1581939512091213825,1593099545260720128,1530495871489413126,1560988416342233089
1581802605172252674,1593088317414903808,1529780942360879104,1560879196884193281
1581774626656395264,1593054996618092544,1529429605106364416,1560804955677552641
1581658898523918338,1593021476059447297,1529298345142849536,1560787989998948353
1581646143699689472,1592974116121894912,1528694525396328450,1560606549235486723
1581626719974277120,1592848356845490177,1528626293020844032,1560554459003949056
1581600852678266881,1592810027563335680,1528590813357219841,1560538096910815232
1581464949183897601,1592774822605496320,1528205904952238080,1560512665671217152
1581443744225976322,1592759442239528960,1527989916000735232,1559206801551200256
1581310710377652224,1592741256869908480,1527778696899207168,1557901832021716992
1581224173967671297,1592728445238272002,1527546440519602176,1557727831458598912
1581207616944242688,1592700235398189062,1527515493698981888,1557494532236648448
1581145015115386880,1592689997114757120,1527487538394726401,1557085695411245057
1581140923710287874,1592684733493829632,1527266206981361665,1557027705459093509
1581136121223790592,1592682523758415872,1527195651393540096,1556974848169037825
1581131019620524033,1592678919232458752,1527100636130848768,1556777668011442176
1581121877711671297,1592460805185978368,1527078127305822209,1556615773551878145
1581090869113139202,1592429087854829570,1526798656367919104,1556382433200992256
1581087554455343105,1592427728803926016,1526761553332011008,1556245800413306880
1580938528523194369,1592395174705074177,1526745656819298304,1555824004404940800
1580873549577097216,1592357513814573058,1526730443806019585,1555615894935441408
1580862671779680259,1592328833683832832,1526510726617378816,1555405245601251330
1580854954717515776,1592264815883403264,1526498126864846848,1555382092158054400
1580832330075471873,1592123811771604992,1526473382501310469,1555191467932790784
1580826986569957377,1592114272351444994,1526386790948478983,1555161178229207041
1580826208643690497,1592101713489567744,1526031696054824960,1555060223127130113
1580819079132155904,1592079894586040320,1525833216992550915,1554869480051724288
1580797468941246465,1591971530413871104,1525640241217818626,1554835776877211650
1580793129942515713,1591929193541025793,1525437154649812994,1554688174604988416
1580779173471473665,1591779829023739905,1525106850022453248,1554601576278347776
1580773515107917825,1591763342703529984,1524946553093619713,1554376343420162048
1580754184697106432,1591701778352988160,1524841606536257536,1553971065872793601
1580749795412824064,1591426866736336897,1524292238808813568,1553623633980846085
1580734118434078724,1591418595703197696,1523936417923366912,1553343299972263936
1580670006152425472,1591348653146472448,1523920283840630784,1553178699641417728
1580545690358333441,1591305127972855808,1523918537902882816,1552620422654373889
1580542921312305152,1591250116786196482,1523882789736640512,1552530569619070979
1580516762382381058,1591245774704328705,1523793322896084992,1552429640752381952
1580510167493672962,1591052123487506433,1523633769655115776,1552184530995269632
1580490346969980928,1591039925260283906,1522884584521699328,1552131803443408896
1580459046574116864,1590928931661783040,1522778526336032768,1552130174128246785
1580385177112412161,1590918437957783553,1522423421203714049,1551783672449118208
1580380598253690880,1590908583595900928,1520987335743000576,1551751432910426112
1580373972570365953,1590870710632824833,1519926483430502402,1551353174513950720
1580361221152251906,1590857118718066689,1519899995650277376,1551101764409036805
1580212622422855680,1590846479945457665,1519276057362268160,1550729182895738880
1580198079554146305,1590713547725492226,1519156263455580161,1550366422538153989
1580186577330130944,1590658270125035523,1518170395433906176,1550108722583597060
1580182493407297537,1590655307570712576,1518114781999558656,1549652113629724673
1580098436333871104,1590641933881593858,1517750236017721346,1549556960307003392
1580093356411346946,1590611538783502336,1517690987044229121,1549300655482818561
1580088247287324673,1590611012499435521,1517470195287465984,1549234207632736256
1580004814842626048,1590600482732449792,1517323941731131393,1549199115908550656
1579806122231623680,1590579905825189893,1517169800845266950,1548652878260084737
1579778396065714176,1590568574871310336,1516661233294123008,1548187702419345408
1579758859438395392,1590550511807143936,1516339836965117953,1548097340640071681
1579736682969980928,1590541245000323074,1516244205563043841,1547841933728309249
1579725532459339776,1590511813631909895,1515654163325407236,1547779520253399040
1579618377672163329,1590474337324134400,1515302160535195652,1547268393165660160
1579491440539103233,1590465784987652096,1515277338329591811,1547204971484946432
1579483276502179841,1590464568962195457,1515132879721975815,1547086452265140224
1579471822973980673,1590357673102426112,1514836179421564928,1547078393773993984
1579463149345853440,1590349113895403520,1514566649185116164,1547070091736428544
1579456721910726660,1590330815702917121,1514559098666237956,1546811243633094656
1579454003682811904,1590301547225047040,1514552064533172225,1546730961747922944
1579402503204253697,1590298860064108545,1514469280208723971,1546641631339614208
1579400991023460352,1590293402419019776,1514418423823958016,1546324036963090432
1579356270666342401,1590250964912672773,1514236218824749060,1545534338388750336
1579285746157948928,1590246357939654657,1514134310156046338,1544899292061921280
1579270421110611968,1590177920156282880,1514079438601818118,1544890857731473408
1579254416074412032,1590151367468859392,1513856964039692289,1544730171009159168
1579249325074395136,1590150371552346112,1513842503052509186,1544659819868499968
1579231012571471872,1590142091522342912,1513748730675367941,1544549992462831617
1579081169508835333,1590024867591643138,1513739954802765825,1544515370295250944
1579047034404802560,1589871075160166401,1513699183273779200,1544461906924097536
1579035344531787778,1589868107346345984,1513551977208115201,1544244711874969600
1579021378334109696,1589790332807421952,1513540896351940611,1543891269302099968
1578999975379619840,1589782156330795008,1513515346212270085,1543472491607105538
1578910878489268225,1589650917837643779,1513481247237947397,1543455883446743041
1578909098703142917,1589636851370844160,1513453511740375042,1543173780406644736
1578747041085276161,1589625245572513799,1513368250490318853,1543155905541246977
1578675644288110592,1589600820701585411,1513330260216987653,1543046939423297536
1578647820101627904,1589574857234210818,1513126664779157506,1542781688408772608
1578629019133566976,1589548031204069377,1513083129191284741,1542708591781548033
1578586015773601792,1589543188838113280,1512977174390661120,1542637240752283650
1578400469524746241,1589538382484488192,1512870347363680259,1542523503626182656
1578368932792401920,1589527283710234626,1512832732409126913,1542476569121157121
1578367655442255872,1589490675707420672,1512746405235888133,1542448641964576768
1578346364571820032,1589480838223241216,1512685009940799488,1542363819325792257
1578290187641028609,1589453572109910016,1512676321847312389,1542260910252732421
1578289440908115970,1589428925326835718,1512606104571707394,1541971985797812224
1578263859592278017,1589400709308588032,1511936577353650177,1541877596840857600
1578252865180938241,1589386954092810243,1511923607890399236,1541420470783729664
1578230658958209025,1589293726609842181,1511641373631414272,1541379706959777793
1578225580713316353,1589262255669092355,1511631558951661569,1541285079271370752
1578203456984080384,1589234766783586305,1511548637393739778,1541059975954325505
1578200423042646016,1589203655609171968,1511326674658373632,1540996062550274048
1578145350875250688,1589195884335620099,1511214690407354371,1540927979236122625
1578005631063437315,1589186848060067840,1511206765836181505,1540628388754427908
1577981464347807744,1589097716205985792,1510966197457616898,1540366425813987329
1577972074840457227,1589095742911700993,1510799700856692737,1540346056021405697
1577964978597863424,1589044653537607680,1510568087426572289,1540338238220488704
1577961900880834561,1588856844730122240,1510121228941418500,1540209373833703425
1577924255316348928,1588835984145367041,1510098060399251457,1540132234622926848
1577911341687635968,1588805967537397760,1510087886418296835,1540027294030258176
1577856167878877184,1588751921933950976,1510073169624723456,1539935814506799104
1577710865029427201,1588690347072409600,1509793963091238913,1539599115645988865
1577649920021975041,1588647177198473216,1509786672371707906,1539035513276989441
1577612976550727680,1588640355716665353,1509688507341574170,1538839091004985345
1577576846719594496,1588613571008765952,1509517277447999491,1537321975311347712
1577569282162032642,1588521539661697029,1509403190047178752,1537306514381316096
1577563083920134145,1588501494663450633,1509391806806441987,1537270883529609217
1577561993401102336,1588496950738944001,1509367526530043911,1536577943362600960
1577561065193635841,1588469305921994752,1509347569717374976,1536567615379763200
1577557336126033920,1588458180958474241,1509335049845366792,1536548251993681921
1577534139431276544,1588452432908091392,1509138372165439499,1536304903286427648
1577525802505490432,1588441124460535809,1509065021929639936,1536303141963960320
1577492671873941504,1588435073069731843,1509035201694879747,1536295586722238464
1577452235659055104,1588377945160171522,1508771678481895428,1536183212388454400
1577433690384134144,1588341876100300801,1508686918229594113,1536147727838420992
1577325372319748096,1588326985872412672,1508633930794110976,1535991203677671424
1577270913929969665,1588125028838694912,1508390707404279809,1535859330225909760
1577238352419430400,1588105054870970368,1508336960816881665,1535809624669949952
1577218769851625472,1588088355115487232,1508249899128991745,1535636609034383361
1577200183892664320,1588085718642991104,1508002394633768969,1534844041451278336
1577199164815212544,1588062829571088384,1507988290640695297,1534452074787639296
1577197641724633088,1588044313375670273,1507756901575974916,1534374674230042625
1577195086881824768,1588043990431039488,1507558219459166211,1534178897176121344
1577176283754418177,1588021686468857857,1507508517237796868,1534154235217993728
1577168948004413441,1587925817220247553,1506857614029701125,1534112951082356737
1577167157795823616,1587895989490266115,1506559022958186501,1534105659527991297
1577158254433824768,1587792032600395777,1505911883802447874,1534096465416466432
1577156981214715904,1587781504020758530,1505780511343407108,1534094853797056512
1577146809654579200,1587779489370611712,1505562581762600960,1534016580597649409
1577123753427107847,1587767084397780993,1505525574097244166,1534013171052138496
1577070630930771969,1587755266631643136,1505521259505143815,1533857273188974593
1577012689229926400,1587722211820969984,1505476743775367174,1533836136627417088
1576943059798962176,1587705099501060098,1504975468885282819,1533598692069892096
1576924499307802624,1587679895341105152,1504671452787732487,1533458261269106689
1576914832518918144,1587651443275624449,1504373150477602817,1533419632421265408
1576907718052306944,1587648726507610114,1504358138509606920,1533417863754547200
1576889815206854657,1587509682100396033,1504289303429455873,1533256556250157056
1576836361059201024,1587441519031734278,1504067976726663176,1532936062082764800
1576813687972966400,1587413092438351874,1504051496312139780,1532757516232167426
1576789002510012417,1587372452933427200,1504004553573773319,1532646913933094912
1576780059591184386,1587293718033453056,1503987703234252803,1532634075919331328
1576769014214275072,1587244020547330048,1503969418753495041,1532594943763419136
1576728169037504512,1587216374392410112,1503933589846642691,1532535058665353217
1576590909063372800,1587097992070307844,1503684200687316992,1532351471370481664
1576568986120032257,1587036026832359425,1503610719744323588,1532256224632156160
1576537494824574976,1587000025153937408,1503581027423252481,1532160455875043329
1576520208147435521,1586959343747928066,1503526402259267584,1531988826968555520
1576508777347497984,1586939921440571393,1503305461008777220,1531966309168164864
1576491259434504193,1586877641751248897,1503259408918142976,1531894832997597186
1576459375698276352,1586868146148937728,1503212842941489154,1531785360778268673
1576420512179228672,1586828286583345153,1503191197241597959,1531641181351735296
1576409541755142144,1586741289160249352,1502917649428193286,1531582803476742146
1576403155642118144,1586664291956146177,1502846445132550145,1531554339818307584
1576377060716601345,1586649834349641729,1502720596823592960,1531546028830253057
1576366229593280514,1586624650993360896,1502608730466136066,1531519486259437568
1576344464515137537,1586603673643323394,1502306114091642885,1531500607659339777
1576298871629959169,1586536039748870144,1502293026953064448,1531484500416270336
1576212126682603521,1586532256054743040,1502139389324906499,1531483649224237056
1576195224249982978,1586513793353383938,1502114853523116044,1531447654902685696
1576176855828541440,1586469269767946244,1501906211180281865,1531419705885396993
1576146337577304064,1586340070503682048,1501752462419513345,1531301930768551937
1576014035312484352,1586280947967791105,1501505215509368834,1531264431891443713
1575987419060441088,1586226570078949377,1501361399729037312,1531216133507850241
1575982826159484928,1586225199883730945,1501135643774181377,1531216126633381888
1575975425796284416,1586153110262714368,1501092428232937472,1531005985526935554
1575778031129350144,1585986900829011968,1501032722650722307,1530934755461459968
1575752609910050816,1585918205545091072,1500855808040398849,1530823643545993216
1575717258650800128,1585885754600964098,1500765217873141760,1530730659098017793
1575694395931643911,1585872147074924549,1500651711295201282,1530532351805009920
1575641878065688578,1585845033462382592,1500436907112960000,1530233142744797184
1575625382929530881,1585805181433905154,1500392506688557056,1530187858702573569
1575488422189232133,1585772954960412674,1500075914213822467,1530181807848583168
1575487146588524549,1585753992470138886,1499927815814139907,1529801804946370560
1575470296551002112,1585710905509175297,1499922531490283522,1529418277574758400
1575396883664867328,1585593045973696514,1499739692392402944,1529304262928240641
1575389281241092096,1585580397882138625,1499692806230929409,1529277716440133632
1575386985425838080,1585570484623708162,1499634275477442569,1529149261354397697
1575372238643089408,1585562298235723778,1499390604048203778,1529101944597270533
1575367959861952512,1585541662851432450,1499281306626113536,1528967551819976704
1575366706603888641,1585481131016724481,1499245197787471872,1528742937202282498
1575332657059143680,1585480332584812544,1499237394712719364,1528741318750375936
1575314578845536258,1585449064652480520,1499213616758673409,1528660769427976194
1575289144439615488,1585247036991016961,1498918867631939585,1528623153538138112
1575256768049221632,1585227117721272321,1498909646157135874,1528611980835033088
1575129565642379264,1585224071171768320,1498890863652524036,1528365080567373825
1575107484448325633,1585217762191884289,1498654332098473988,1528182241750175744
1575096319550828544,1585180778073391105,1498487216267358210,1528145247535894528
1575095559714578432,1585177104295108609,1498251425926713349,1528058680435871744
1575073398148866048,1585171394563919873,1498208492477292546,1528021821890494465
1574981632087707648,1585135614332223494,1497504737763069956,1527952602381447169
1574965100955332610,1585103427998257152,1497412369999282178,1527819734850293761
1574912312636416000,1585097561182011392,1497201979654737924,1527643823752368129
1574892003921633280,1585073288459554817,1497103333848326145,1527563541703626755
1574859609604440064,1584965606536843283,1497072862762782723,1527553484177829889
1574770783792275457,1584895292515704834,1496848155614187520,1527541771017670656
1574752264392421377,1584852170536517632,1496814811924946948,1527279805074243584
-1,1584826555519336449,1496802087031775235,1527236638132166656
-1,1584822199587938307,1496786992687947777,1527064881706303489
-1,1584818687999152128,1496751472368832513,1526916027430252545
-1,1584817962720043008,1496749986255499266,1526903691332136961
-1,1584817592618868737,1496720069895675905,1526874000646737920
-1,1584816009789177856,1496453921060966406,1526826446181650438
-1,1584813120488439808,1496380590311948289,1526765283901317121
-1,1584761935119130624,1496335518501457920,1526728165359439873
-1,1584760282051747840,1496289724163518465,1526422017200619521
-1,1584738896474161152,1496276635519111169,1526403667032649728
-1,1584709977553387522,1496084777757450240,1526119396069871617
-1,1584579986110963719,1496084370775441413,1526096638816595968
-1,1584541812831801349,1495925443081297921,1525863090775990273
-1,1584534170474258433,1495916260453879809,1525620749704175616
-1,1584496153852227584,1495746794633891845,1525511140557479938
-1,1584461642301337600,1495695300014473216,1525457671674920961
-1,1584456368920358912,1495668975816290313,1525360021940228096
-1,1584404719556251648,1495365005063045121,1525322524610818048
-1,1584400835429437440,1495302338562592771,1524991219637420032
-1,1584294328771678208,1495242158055780355,1524932198935080961
-1,1584274018487906304,1495194501568032768,1524595738801451010
-1,1584193993105367047,1495010789945913347,1524158358491607040
-1,1584187112626454529,1494860300536844288,1524034539235905537
-1,1584180704837271553,1494670423555932163,1523948849512943617
-1,1584174027299774466,1494564108938530818,1523925845127032832
-1,1584144860474327040,1494512769403527170,1523892473554083840
-1,1584130242394099712,1494269280073883648,1523839254928887808
-1,1584125080199909377,1493837834037301249,1523804023354126336
-1,1584078650214711297,1493833658171805698,1523642077594062848
-1,1584057843984240640,1493512671483731969,1523614645134651392
-1,1583958127426224132,1493405229903089664,1523510329904226304
-1,1583919827710021633,1493146515199590401,1523283338559057922
-1,1583795789305823232,1493048362982985728,1523249863349088257
-1,1583762801721749505,1493039315655409664,1523147190306172930
-1,1583759380159164416,1492876408544137218,1523103659751448577
-1,1583746069497667588,1492725527194791938,1523056088685301760
-1,1583677393423958016,1492706867881332738,1522788369901789184
-1,1583653259272605696,1492662576332767232,1522720251921661959
-1,1583509453382774784,1492468309413216258,1522578327067713536
-1,1583508612278030336,1492468161999900672,1522570893943214080
-1,1583470791118622720,1492324591405989888,1522528632815587329
-1,1583382749200936960,1492030441901096960,1522527607794769921
-1,1583377880808976385,1491986370394427393,1522454496437170178
-1,1583373672126898177,1491958438250762241,1522405435319275520
-1,1583274493991997442,1491954666145402881,1522061283842961409
-1,1583267186516238336,1491877395896287247,1521929425821913089
-1,1583264368384684032,1491612655554990080,1521791768383078400
-1,1583168979685687297,1491357739905208322,1521697132817788928
-1,1583083839412260864,1491307515400769538,1521395162756177920
-1,1583035029273575424,1491295939012612101,1521062353558642689
-1,1583009775633457152,1490940345382686720,1521043955994955778
-1,1582984545980207104,1490718272467005446,1520924921924182016
-1,1582971158495866881,1490459423457767424,1520596379470471168
-1,1582942665343086592,1490339115518554116,1520451170963103755
-1,1582680718034862086,1490219608720039936,1520241918961094656
-1,1582652920323256320,1490185877166821379,1520192995181559809
-1,1582629649741291522,1490094648513089536,1520063245834665984
-1,1582608584331829248,1489999275668824067,1520056847935283200
-1,1582608263061049346,1489803435604312064,1520012048884592642
-1,1582537653387509761,1489740063416074241,1520001751218221056
-1,1582514515161161729,1489490161607925761,1519982349701713923
-1,1582512462066323457,1489257895426359298,1519949885612699651
-1,1582500268767182848,1489202277365604357,1519678160392134657
-1,1582413618565775360,1489185362882985984,1519602432275140608
-1,1582392550794485760,1489151697364475905,1519583221997989888
-1,1582350028995448832,1489066756811284481,1519393958274555905
-1,1582315909590355968,1489059588494094340,1519270150054293507
-1,1582282035930202112,1488757209160830977,1518953506186612737
-1,1582266514811805696,1488580930587357189,1518880826041061376
-1,1582252388412686336,1488345373592616961,1518808604194660352
-1,1582251841777127424,1487949763240620032,1518643390887329793
-1,1582226060380233729,1487717167647068161,1518591175740977153
-1,1582196949955977216,1487702899756990464,1518530323725926402
-1,1582161233234472960,1487680493306798081,1518528628060872708
-1,1582113876963110913,1487030713887113222,1518513429933223936
-1,1582086136503054336,1487009925088051200,1518464334262796288
-1,1582043195625463809,1486868263376015362,1518448367008845826
-1,1582013513500749825,1486645168677613568,1518386085998448640
-1,1582008967609274370,1486536327969472512,1518335861489758208
-1,1581980030003204098,1486314171482644489,1518205630560948224
-1,1581932322433437697,1486160346930761730,1518114534082236416
-1,1581916882122469377,1485965818588323848,1518107491225071616
-1,1581907890008653825,1485244191806398466,1517879857882931200
-1,1581842440574898176,1485140693001863171,1517837325157339136
-1,1581830774373769217,1484869223146917890,1517794673586171904
-1,1581826323193864192,1484834357206347776,1517745121118334976
-1,1581730202018717696,1484827230165700615,1517738552351592448
-1,1581693530380304384,1484730074364473345,1517645189644312578
-1,1581666934050865154,1484401761964023810,1517504515624210433
-1,1581659196109381632,1484240602862473216,1517458462019493889
-1,1581621271762448385,1484089630731296773,1517437851570384897
-1,1581601425259651073,1483791891497816066,1517428113692573698
-1,1581592493787082752,1483710711893487624,1517311863024865280
-1,1581496081124184064,1483667453737828352,1517255875492147200
-1,1581467705156067331,1483247292777857025,1517235110839345152
-1,1581438226329239552,1482957139807068161,1517112453162672128
-1,1581291710784540672,1482867021893169153,1517002056019718146
-1,1581287893519466496,1482591973517119489,1516993145027719168
-1,1581229640680493056,1482248034096644097,1516825540522430465
-1,1581149917313368064,1481897658469945344,1516798231883051011
-1,1581148450338799617,1481846433649405952,1516774828065271810
-1,1581126450849386497,1481842345029287936,1516660208138919938
-1,1581112720547803137,1481618426451824640,1516632275303026689
-1,1581069258334695424,1481256402618568704,1516563318118395904
-1,1581053319459778560,1481219934482952199,1516527320080601088
-1,1581048361133649920,1480876408373084162,1516473463384420356
-1,1580985306198683648,1480865347364261889,1516434722171224064
-1,1580965603443060740,1480825286425939972,1516356705264672774
-1,1580956413710303235,1480811394421256192,1516176262196199424
-1,1580955105972523008,1480744162358022144,1516134986809708545
-1,1580912206723829762,1480739754920476679,1516054168364097536
-1,1580897008478736384,1480645141689892867,1516051304073760773
-1,1580888649692217344,1480524589071405058,1515973174277521411
-1,1580875378989539328,1480438901013577729,1515889489926754305
-1,1580816011645054977,1480435344457691139,1515714980930236416
-1,1580810907881705472,1480419905933438977,1515649296544108544
-1,1580810530083655680,1480401151749095427,1515353964757233671
-1,-1,1480382154542489612,1515340247403425795
-1,-1,1480017622741647360,1515335728674136071
-1,-1,-1,1515249654098583558
-1,-1,-1,1515231536999587845
-1,-1,-1,1515199835497922563
-1,-1,-1,1514884507790282754
-1,-1,-1,1514814287658688519
-1,-1,-1,1514734009762283542
-1,-1,-1,1514634862807838722
-1,-1,-1,1514574266641092610
-1,-1,-1,1514513843266928643
-1,-1,-1,1514511059977072645
-1,-1,-1,1514485618696339457
-1,-1,-1,1514475304202358786
-1,-1,-1,1514456674102218756
-1,-1,-1,1514234212882083842
-1,-1,-1,1514200359303933961
-1,-1,-1,1514156451362603018
-1,-1,-1,1514138104512143364
-1,-1,-1,1514125523655409665
-1,-1,-1,1514023829965733889
-1,-1,-1,1513879882681532423
-1,-1,-1,1513801618776502275
-1,-1,-1,1513787767087529984
-1,-1,-1,1513779750468145154
-1,-1,-1,1513707752001994757
-1,-1,-1,1513583548661661698
-1,-1,-1,1513542022296080389
-1,-1,-1,1513497357647704069
-1,-1,-1,1513466025475403779
-1,-1,-1,1513414318229843976
-1,-1,-1,1513392923278147584
-1,-1,-1,1513389414084321285
-1,-1,-1,1513346865269411841
-1,-1,-1,1513323205955493891
-1,-1,-1,1513211973025951745
-1,-1,-1,1513118609597292544
-1,-1,-1,1513102624769273856
-1,-1,-1,1513024745159024640
-1,-1,-1,1513018958638632960
-1,-1,-1,1513004230008717316
-1,-1,-1,1512928353770082305
-1,-1,-1,1512849343220359168
-1,-1,-1,1512841539763904514
-1,-1,-1,1512543822051364868
-1,-1,-1,1512533500099907589
-1,-1,-1,1512338977864359944
-1,-1,-1,1512298202136862726
-1,-1,-1,1512267248806682631
-1,-1,-1,1512052088729006081
-1,-1,-1,1512011586898067459
-1,-1,-1,1512005020748722187
-1,-1,-1,1511897185926868993
-1,-1,-1,1511870144913444866
-1,-1,-1,1511599849426526210
-1,-1,-1,1511467728820858883
-1,-1,-1,1511331596447612930
-1,-1,-1,1511299389859328001
-1,-1,-1,1511250058330578950
-1,-1,-1,1511235335983824896
-1,-1,-1,1511210298006462466
-1,-1,-1,1511087601410748416
-1,-1,-1,1511019537767927808
-1,-1,-1,1510969223056486402
-1,-1,-1,1510875452742639624
-1,-1,-1,1510853436857720836
-1,-1,-1,1510543648944889858
-1,-1,-1,1510512475275415559
-1,-1,-1,1510509668795252738
-1,-1,-1,1510263799005126657
-1,-1,-1,1510150206070923269
-1,-1,-1,1509897141489405955
-1,-1,-1,1509878360276676616
-1,-1,-1,1509807802675466240
-1,-1,-1,1509771056034111492
